{
    "Deadlift": 1.165354331,
    "Deadlift Variant": 1.165354331,
    "Squat": 1,
    "Front Squat": 1,
    "Squat Variant": 1,
    "Hang Clean": 0.707401575,
    "OL variants": 0.907401575,
    "Bench": 0.748031496,
    "Bench Variant": 0.748031496,
    "Horizontal Push": 0.7012784,
    "Horizontal Pull": 0.598425197,
    "Glute Ham Raise": 0.577429397,
    "Leg Press": 0.551015632,
    "Vertical Pull": 0.543307087,
    "RDL": 0.525476495,
    "Lunge variation": 0.52,
    "Vertical Push": 0.488188976,
    "Pec Isolation": 0.44,
    "Back extension": 0.420696062,
    "Leg Extension": 0.394807074,
    "Hip abduction": 0.263787801,
    "Hamstring curl": 0.263088099,
    "Shrugs": 0.25,
    "Hip adduction": 0.219531625,
    "Calve Raise": 0.186820538,
    "Abs": 0.15,
    "Triceps Extension": 0.139940478,
    "Delts Isolation": 0.139940478,
    "Biceps Curl": 0.113701638,
    "Tib Raise": 0.077841891
  }