{
    "50":[0.506563054,0.521398358,0.536652512,0.552325513,0.568417362,0.58492806,0.601857606,0.619205999,0.636973241,0.655159332,0.67376427,0.692788057,0.712041885,0.722513089,0.722513089,0.722513089,0.722513089,0.722513089,0.722513089,0.722513089,0.722513089,0.722513089,0.722513089,0.722513089,0.722513089],
    "51":[0.516405986,0.53124129,0.546495443,0.562168445,0.578260294,0.594770992,0.611700537,0.629048931,0.646816173,0.665002264,0.683607202,0.702630989,0.722073623,0.732984293,0.732984293,0.732984293,0.732984293,0.732984293,0.732984293,0.732984293,0.732984293,0.732984293,0.732984293,0.732984293,0.732984293],
    "52":[0.526301273,0.541293646,0.55680958,0.572849073,0.589412127,0.60649874,0.624108914,0.642242649,0.660899943,0.680080798,0.699785213,0.720013188,0.740764723,0.743455497,0.743455497,0.743455497,0.743455497,0.743455497,0.743455497,0.743455497,0.743455497,0.743455497,0.743455497,0.743455497,0.743455497],
    "53":[0.536157983,0.55119169,0.566776513,0.582912451,0.599599506,0.616837677,0.634626963,0.652967366,0.671858885,0.69130152,0.71129527,0.731840137,0.75293612,0.753926702,0.753926702,0.753926702,0.753926702,0.753926702,0.753926702,0.753926702,0.753926702,0.753926702,0.753926702,0.753926702,0.753926702],
    "54":[0.546000915,0.561034622,0.576619445,0.592755383,0.609442438,0.626680609,0.644469895,0.662810298,0.681701817,0.701144452,0.721138202,0.741683069,0.762779052,0.764397906,0.764397906,0.764397906,0.764397906,0.764397906,0.764397906,0.764397906,0.764397906,0.764397906,0.764397906,0.764397906,0.764397906],
    "55":[0.555859156,0.570938789,0.586600156,0.602843256,0.619668089,0.637074657,0.655062957,0.673632992,0.69278476,0.712518261,0.732833496,0.753730465,0.77486911,0.77486911,0.77486911,0.77486911,0.77486911,0.77486911,0.77486911,0.77486911,0.77486911,0.77486911,0.77486911,0.77486911,0.77486911],
    "56":[0.565702088,0.580781721,0.596443087,0.612686188,0.629511021,0.646917589,0.664905889,0.683475924,0.702627692,0.722361193,0.742676428,0.763573397,0.785052099,0.785340314,0.785340314,0.785340314,0.785340314,0.785340314,0.785340314,0.785340314,0.785340314,0.785340314,0.785340314,0.785340314,0.785340314],
    "57":[0.57554502,0.590624653,0.606286019,0.62252912,0.639353953,0.65676052,0.674748821,0.693318856,0.712470624,0.732204125,0.75251936,0.773416329,0.794895031,0.795811518,0.795811518,0.795811518,0.795811518,0.795811518,0.795811518,0.795811518,0.795811518,0.795811518,0.795811518,0.795811518,0.795811518],
    "58":[0.585405062,0.600536024,0.61628294,0.632645808,0.64962463,0.667219406,0.685430134,0.704256816,0.72369945,0.743758038,0.764432579,0.785723074,0.806282723,0.806282723,0.806282723,0.806282723,0.806282723,0.806282723,0.806282723,0.806282723,0.806282723,0.806282723,0.806282723,0.806282723,0.806282723],
    "59":[0.595267242,0.61045595,0.626299108,0.642796717,0.659948776,0.677755285,0.696216244,0.715331654,0.735101514,0.755525824,0.776604584,0.798337795,0.816753927,0.816753927,0.816753927,0.816753927,0.816753927,0.816753927,0.816753927,0.816753927,0.816753927,0.816753927,0.816753927,0.816753927,0.816753927],
    "60":[0.605110174,0.620298882,0.63614204,0.652639649,0.669791708,0.687598217,0.706059176,0.725174586,0.744944446,0.765368756,0.786447516,0.808180727,0.827225131,0.827225131,0.827225131,0.827225131,0.827225131,0.827225131,0.827225131,0.827225131,0.827225131,0.827225131,0.827225131,0.827225131,0.827225131],
    "61":[0.614953106,0.630141814,0.645984972,0.662482581,0.67963464,0.697441149,0.715902108,0.735017518,0.754787378,0.775211688,0.796290448,0.818023659,0.837696335,0.837696335,0.837696335,0.837696335,0.837696335,0.837696335,0.837696335,0.837696335,0.837696335,0.837696335,0.837696335,0.837696335,0.837696335],
    "62":[0.624796038,0.639984746,0.655827904,0.672325513,0.689477572,0.707284081,0.72574504,0.74486045,0.76463031,0.78505462,0.80613338,0.827866591,0.848167539,0.848167539,0.848167539,0.848167539,0.848167539,0.848167539,0.848167539,0.848167539,0.848167539,0.848167539,0.848167539,0.848167539,0.848167539],
    "63":[0.634660785,0.649914938,0.665867171,0.682517485,0.699865879,0.717912353,0.736656907,0.756099542,0.776240257,0.797079052,0.818615928,0.840850884,0.858638743,0.858638743,0.858638743,0.858638743,0.858638743,0.858638743,0.858638743,0.858638743,0.858638743,0.858638743,0.858638743,0.858638743,0.858638743],
    "64":[0.644503717,0.65975787,0.675710103,0.692360417,0.709708811,0.727755285,0.746499839,0.765942474,0.786083189,0.806921984,0.82845886,0.850693816,0.863874346,0.863874346,0.863874346,0.863874346,0.863874346,0.863874346,0.863874346,0.863874346,0.863874346,0.863874346,0.863874346,0.863874346,0.863874346],
    "65":[0.654346649,0.669600802,0.685553035,0.702203349,0.719551743,0.737598217,0.756342771,0.775785406,0.795926121,0.816764916,0.838301792,0.860536748,0.869109948,0.869109948,0.869109948,0.869109948,0.869109948,0.869109948,0.869109948,0.869109948,0.869109948,0.869109948,0.869109948,0.869109948,0],
    "66":[0.664189581,0.679443734,0.695395967,0.712046281,0.729394675,0.747441149,0.766185703,0.785628338,0.805769053,0.826607848,0.848144724,0.87037968,0.87434555,0.87434555,0.87434555,0.87434555,0.87434555,0.87434555,0.87434555,0.87434555,0.87434555,0.87434555,0.87434555,0.87434555,0],
    "67":[0.674057444,0.689386391,0.705463282,0.722288116,0.739860892,0.758181612,0.777250276,0.797066882,0.817631431,0.838943924,0.86100436,0.879581152,0.879581152,0.879581152,0.879581152,0.879581152,0.879581152,0.879581152,0.879581152,0.879581152,0.879581152,0.879581152,0.879581152,0.879581152,0],
    "68":[0.683900376,0.699229323,0.715306214,0.732131048,0.749703824,0.768024544,0.787093208,0.806909814,0.827474363,0.848786856,0.870847292,0.893655671,0.884816754,0.884816754,0.884816754,0.884816754,0.884816754,0.884816754,0.884816754,0.884816754,0.884816754,0.884816754,0.884816754,0.884816754,0],
    "69":[0.693743308,0.709072255,0.725149146,0.74197398,0.759546756,0.777867476,0.79693614,0.816752746,0.837317295,0.858629788,0.880690224,0.890052356,0.890052356,0.890052356,0.890052356,0.890052356,0.890052356,0.890052356,0.890052356,0.890052356,0.890052356,0.890052356,0.890052356,0.890052356,0],
    "70":[0.70358624,0.718915187,0.734992078,0.751816911,0.769389688,0.787710408,0.806779071,0.826595678,0.847160227,0.86847272,0.890533156,0.895287958,0.895287958,0.895287958,0.895287958,0.895287958,0.895287958,0.895287958,0.895287958,0.895287958,0.895287958,0.895287958,0.895287958,0.895287958,0],
    "71":[0.713429172,0.728758119,0.74483501,0.761659843,0.77923262,0.79755334,0.816622003,0.83643861,0.857003159,0.878315652,0.900376088,0.90052356,0.90052356,0.90052356,0.90052356,0.90052356,0.90052356,0.90052356,0.90052356,0.90052356,0.90052356,0.90052356,0.90052356,0.90052356,0],
    "72":[0.723272104,0.738601051,0.754677942,0.771502775,0.789075552,0.807396272,0.826464935,0.846281542,0.866846091,0.888158584,0.91021902,0.910994764,0.910994764,0.910994764,0.910994764,0.910994764,0.910994764,0.910994764,0.910994764,0.910994764,0.910994764,0.910994764,0.910994764,0.910994764,0],
    "73":[0.733143803,0.748559051,0.764779777,0.78180598,0.79963766,0.818274818,0.837717452,0.857965564,0.879019154,0.90087822,0.923542764,0.916230366,0.916230366,0.916230366,0.916230366,0.916230366,0.916230366,0.916230366,0.916230366,0.916230366,0.916230366,0.916230366,0.916230366,0.916230366,0],
    "74":[0.743020296,0.758536229,0.774924763,0.792185897,0.810319631,0.829325966,0.8492049,0.869956436,0.891580571,0.914077307,0.921465969,0.921465969,0.921465969,0.921465969,0.921465969,0.921465969,0.921465969,0.921465969,0.921465969,0.921465969,0.921465969,0.921465969,0.921465969,0.921465969,0],
    "75":[0.752863228,0.768379161,0.784767695,0.802028829,0.820162563,0.839168897,0.859047832,0.879799368,0.901423503,0.923920239,0.926701571,0.926701571,0.926701571,0.926701571,0.926701571,0.926701571,0.926701571,0.926701571,0.926701571,0.926701571,0.926701571,0.926701571,0.926701571,0.926701571,0],